{
  "project_info": {
    "project_number": "427903546085",
    "project_id": "mp-project-aeafa",
    "storage_bucket": "mp-project-aeafa.appspot.com"
  },
  "client": [
    {
      "client_info": {
        "mobilesdk_app_id": "1:427903546085:android:fb8f1e83e387bfb66f5a0c",
        "android_client_info": {
          "package_name": "com.example.todo_mpteam"
        }
      },
      "oauth_client": [],
      "api_key": [
        {
          "current_key": "AIzaSyDiN1XGTal82ij3Y8KmuDJ7QcaT5-jAJdM"
        }
      ],
      "services": {
        "appinvite_service": {
          "other_platform_oauth_client": []
        }
      }
    }
  ],
  "configuration_version": "1"
}